"time","lp_id","pct_access","engagement_index"
"2020-01-01",95731,0.34,6.9
"2020-01-01",70167,0.34,3.45
"2020-01-01",32213,0.34,3.45
"2020-01-01",90153,0.34,10.34
"2020-01-02",93742,0.34,24.14
"2020-01-02",95731,1.03,75.86
"2020-01-02",55920,0.34,6.9
"2020-01-02",33185,0.34,6.9
"2020-01-02",52695,0.34,3.45
"2020-01-02",99916,0.34,3.45
"2020-01-02",90153,0.69,72.41
"2020-01-02",50580,0.34,3.45
"2020-01-02",26488,0.69,589.66
"2020-01-02",32213,1.38,41.38
"2020-01-03",13591,0.34,3.45
"2020-01-03",98001,0.34,24.14
"2020-01-03",80493,0.34,10.34
"2020-01-03",90153,0.69,89.66
"2020-01-03",50580,0.34,6.9
"2020-01-03",26488,1.03,403.45
"2020-01-03",92844,0.34,3.45
"2020-01-03",95731,1.03,20.69
"2020-01-03",32213,0.34,10.34
"2020-01-03",69863,0.34,37.93
"2020-01-03",99916,0.69,20.69
"2020-01-04",99916,0.34,13.79
"2020-01-04",26488,0.34,3.45
"2020-01-04",95731,0.69,27.59
"2020-01-04",92844,0.34,6.9
"2020-01-04",80493,0.34,6.9
"2020-01-04",71564,0.34,3.45
"2020-01-04",32213,0.34,20.69
"2020-01-04",92290,0.34,37.93
"2020-01-04",94324,0.34,6.9
"2020-01-04",90153,0.34,31.03
"2020-01-05",26488,0.69,182.76
"2020-01-05",80493,0.34,13.79
"2020-01-05",32213,0.34,3.45
"2020-01-05",50580,0.34,13.79
"2020-01-05",90153,1.03,44.83
"2020-01-05",95731,0.69,55.17
"2020-01-06",40508,1.37,58.42
"2020-01-06",80493,3.09,209.62
"2020-01-06",98265,3.09,195.88
"2020-01-06",50479,0.69,10.31
"2020-01-06",58235,0.34,30.93
"2020-01-06",99916,40.55,879.73
"2020-01-06",70167,5.5,333.33
"2020-01-06",40928,9.97,426.12
"2020-01-06",48165,2.06,51.55
"2020-01-06",13429,0.69,6.87
"2020-01-06",31827,1.03,96.22
"2020-01-06",28504,1.03,302.41
"2020-01-06",54430,0.34,3.44
"2020-01-06",32213,51.55,5113.4
"2020-01-06",34201,0.34,3.44
"2020-01-06",24711,0.69,17.18
"2020-01-06",69921,0.69,168.38
"2020-01-06",33185,13.4,945.02
"2020-01-06",51340,0.69,10.31
"2020-01-06",93742,0.69,72.16
"2020-01-06",85975,0.34,37.8
"2020-01-06",14168,0.34,61.86
"2020-01-06",73952,0.34,10.31
"2020-01-06",45811,1.03,10.31
"2020-01-06",69863,1.37,24.05
"2020-01-06",29322,0.34,10.31
"2020-01-06",90153,2.75,219.93
"2020-01-06",74653,7.56,1268.04
"2020-01-06",57724,0.34,6.87
"2020-01-06",26488,8.59,2979.38
"2020-01-06",33326,0.69,44.67
"2020-01-06",91165,1.03,17.18
"2020-01-06",13496,1.03,48.11
"2020-01-06",36620,1.37,92.78
"2020-01-06",65277,0.34,10.31
"2020-01-06",70957,0.34,6.87
"2020-01-06",52695,0.34,3.44
"2020-01-06",67056,0.34,3.44
"2020-01-06",95731,24.4,2969.07
"2020-01-06",34188,0.34,6.87
"2020-01-06",51627,0.34,3.44
"2020-01-06",88885,0.34,24.05
"2020-01-06",92871,0.34,3.44
"2020-01-06",50580,4.81,68.73
"2020-01-06",71805,0.34,3.44
"2020-01-06",64948,0.69,6.87
"2020-01-06",57084,7.9,408.93
"2020-01-06",93690,0.34,3.44
"2020-01-06",28525,1.72,37.8
"2020-01-06",69827,0.34,3.44
"2020-01-06",15254,0.69,13.75
"2020-01-06",16401,0.34,13.75
"2020-01-06",55007,0.34,3.44
"2020-01-06",66933,0.69,168.38
"2020-01-06",92290,0.34,3.44
"2020-01-06",74975,0.34,27.49
"2020-01-06",88925,0.69,34.36
"2020-01-07",36692,1.37,236.3
"2020-01-07",91165,1.03,188.36
"2020-01-07",18090,0.34,6.85
"2020-01-07",32213,53.08,5948.63
"2020-01-07",29322,0.34,3.42
"2020-01-07",48165,1.03,10.27
"2020-01-07",92993,0.68,6.85
"2020-01-07",28525,7.88,239.73
"2020-01-07",45820,2.05,150.68
"2020-01-07",69827,0.34,3.42
"2020-01-07",88885,0.34,6.85
"2020-01-07",15225,0.34,23.97
"2020-01-07",70957,0.34,3.42
"2020-01-07",24744,0.34,6.85
"2020-01-07",93742,0.68,34.25
"2020-01-07",33185,4.79,410.96
"2020-01-07",74653,7.88,928.08
"2020-01-07",47364,0.68,17.12
"2020-01-07",36620,1.03,113.01
"2020-01-07",31827,0.68,41.1
"2020-01-07",13429,0.34,3.42
"2020-01-07",86407,0.68,6.85
"2020-01-07",70167,9.25,746.58
"2020-01-07",57084,10.27,640.41
"2020-01-07",26488,17.12,5400.68
"2020-01-07",57724,0.68,106.16
"2020-01-07",22361,0.34,3.42
"2020-01-07",73952,1.03,23.97
"2020-01-07",92140,0.34,3.42
"2020-01-07",92433,0.34,3.42
"2020-01-07",13496,1.37,17.12
"2020-01-07",71805,0.34,17.12
"2020-01-07",24342,7.19,1116.44
"2020-01-07",10533,0.34,6.85
"2020-01-07",77430,1.03,17.12
"2020-01-07",24711,0.68,23.97
"2020-01-07",64948,4.11,178.08
"2020-01-07",75612,0.34,6.85
"2020-01-07",94058,0.68,13.7
"2020-01-07",76122,5.14,82.19
"2020-01-07",52695,1.37,41.1
"2020-01-07",92871,0.34,3.42
"2020-01-07",95731,23.63,3780.82
"2020-01-07",98265,2.4,147.26
"2020-01-07",58235,0.34,13.7
"2020-01-07",14168,0.34,34.25
"2020-01-07",28504,1.03,328.77
"2020-01-07",16406,0.34,202.05
"2020-01-07",40508,0.68,13.7
"2020-01-07",54430,0.34,3.42
"2020-01-07",54827,0.34,6.85
"2020-01-07",88925,1.37,20.55
"2020-01-07",40928,6.85,263.7
"2020-01-07",50479,1.03,99.32
"2020-01-07",92290,1.03,47.95
"2020-01-07",66204,0.34,3.42
"2020-01-07",30851,0.34,3.42
"2020-01-07",80493,4.11,226.03
"2020-01-07",79876,0.34,10.27
"2020-01-07",50580,6.51,89.04
"2020-01-07",99916,41.44,852.74
"2020-01-07",69863,0.68,20.55
"2020-01-07",15254,0.34,65.07
"2020-01-07",90153,2.74,321.92
"2020-01-07",60825,0.34,3.42
"2020-01-07",75727,0.34,6.85
"2020-01-07",39035,0.34,3.42
"2020-01-08",57084,15.07,839.04
"2020-01-08",14168,1.37,61.64
"2020-01-08",72673,0.34,6.85
"2020-01-08",11206,0.34,3.42
"2020-01-08",92844,0.34,6.85
"2020-01-08",79876,0.34,6.85
"2020-01-08",52695,1.71,47.95
"2020-01-08",39035,0.34,3.42
"2020-01-08",60286,0.68,13.7
"2020-01-08",36692,0.68,20.55
"2020-01-08",11585,0.34,6.85
"2020-01-08",24711,3.08,3243.15
"2020-01-08",58235,0.68,65.07
"2020-01-08",32213,56.51,9349.32
"2020-01-08",50580,5.82,123.29
"2020-01-08",83797,1.03,68.49
"2020-01-08",29322,0.34,3.42
"2020-01-08",69921,1.37,332.19
"2020-01-08",88925,1.71,41.1
"2020-01-08",61517,0.34,3.42
"2020-01-08",40928,9.59,376.71
"2020-01-08",19436,0.34,6.85
"2020-01-08",45811,1.03,92.47
"2020-01-08",69863,3.77,71.92
"2020-01-08",54794,0.34,3.42
"2020-01-08",90153,2.74,332.19
"2020-01-08",93742,1.03,78.77
"2020-01-08",73952,0.34,34.25
"2020-01-08",85836,0.34,6.85
"2020-01-08",31827,0.34,44.52
"2020-01-08",54430,1.37,27.4
"2020-01-08",83118,0.34,6.85
"2020-01-08",33185,8.9,527.4
"2020-01-08",91165,0.68,10.27
"2020-01-08",50479,0.68,27.4
"2020-01-08",93256,0.34,3.42
"2020-01-08",67056,1.37,13.7
"2020-01-08",78063,0.34,3.42
"2020-01-08",43818,0.34,3.42
"2020-01-08",86407,0.34,3.42
"2020-01-08",99916,37.67,1595.89
"2020-01-08",77713,1.03,65.07
"2020-01-08",95731,40.41,10130.14
"2020-01-08",36620,0.68,95.89
"2020-01-08",92290,0.68,23.97
"2020-01-08",92140,0.34,20.55
"2020-01-08",15254,0.68,27.4
"2020-01-08",86059,0.34,6.85
"2020-01-08",85975,5.48,441.78
"2020-01-08",71805,0.68,10.27
"2020-01-08",13496,3.08,51.37
"2020-01-08",45820,2.4,260.27
"2020-01-08",80493,3.42,130.14
"2020-01-08",10225,0.34,3.42
"2020-01-08",94058,0.34,10.27
"2020-01-08",55920,0.68,27.4
"2020-01-08",28199,0.34,13.7
"2020-01-08",98265,2.05,113.01
"2020-01-08",77698,0.34,17.12
"2020-01-08",28504,2.4,636.99
"2020-01-08",64948,2.74,136.99
"2020-01-08",13591,0.68,17.12
"2020-01-08",80616,0.34,3.42
"2020-01-08",14769,0.34,13.7
"2020-01-08",33624,0.68,20.55
"2020-01-08",74653,7.88,3075.34
"2020-01-08",26488,44.52,5010.27
"2020-01-08",24342,8.22,2945.21
"2020-01-08",28525,7.19,126.71
"2020-01-08",92993,8.22,1256.85
"2020-01-08",48165,1.37,82.19
"2020-01-08",82357,0.34,3.42
"2020-01-08",18090,0.34,13.7
"2020-01-08",49571,0.34,34.25
"2020-01-08",70167,7.19,739.73
"2020-01-08",88885,0.34,6.85
"2020-01-09",72713,0.68,17.12
"2020-01-09",69863,2.05,61.64
"2020-01-09",14124,0.34,3.42
"2020-01-09",91165,0.34,10.27
"2020-01-09",83118,0.34,3.42
"2020-01-09",33185,7.53,462.33
"2020-01-09",86059,1.71,75.34
"2020-01-09",69827,0.68,10.27
"2020-01-09",94158,0.34,3.42
"2020-01-09",58235,0.68,113.01
"2020-01-09",45005,0.34,3.42
"2020-01-09",57724,0.68,136.99
"2020-01-09",83248,0.68,75.34
"2020-01-09",14769,0.68,6.85
"2020-01-09",14168,1.03,44.52
"2020-01-09",45820,1.71,113.01
"2020-01-09",98265,2.74,119.86
"2020-01-09",13496,3.08,82.19
"2020-01-09",88878,1.71,119.86
"2020-01-09",45811,2.05,250
"2020-01-09",33624,0.34,219.18
"2020-01-09",28199,0.34,6.85
"2020-01-09",89267,0.34,3.42
"2020-01-09",49571,1.03,10.27
"2020-01-09",50712,0.34,47.95
"2020-01-09",88925,1.71,65.07
"2020-01-09",94058,0.68,20.55
"2020-01-09",82446,0.34,34.25
"2020-01-09",29322,0.68,6.85
"2020-01-09",28525,1.37,27.4
"2020-01-09",24342,9.25,1315.07
"2020-01-09",92140,0.68,10.27
"2020-01-09",70740,0.34,3.42
"2020-01-09",92290,1.03,34.25
"2020-01-09",80493,4.11,195.21
"2020-01-09",92993,2.05,61.64
"2020-01-09",43491,0.34,54.79
"2020-01-09",65358,0.34,3.42
"2020-01-09",93256,0.34,3.42
"2020-01-09",74653,9.25,1270.55
"2020-01-09",54430,1.71,633.56
"2020-01-09",24711,0.34,34.25
"2020-01-09",47267,0.34,10.27
"2020-01-09",86515,0.68,17.12
"2020-01-09",90443,0.34,3.42
"2020-01-09",79673,0.34,6.85
"2020-01-09",51340,0.68,23.97
"2020-01-09",31827,0.34,71.92
"2020-01-09",99916,31.16,1061.64
"2020-01-09",50580,8.56,140.41
"2020-01-09",40928,1.37,20.55
"2020-01-09",84652,0.34,3.42
"2020-01-09",57084,13.7,784.25
"2020-01-09",36620,1.03,95.89
"2020-01-09",55920,0.68,85.62
"2020-01-09",88885,0.68,6.85
"2020-01-09",96255,1.37,30.82
"2020-01-09",70167,6.85,773.97
"2020-01-09",95731,34.59,12041.1
"2020-01-09",89050,0.34,13.7
"2020-01-09",64948,10.27,489.73
"2020-01-09",77713,1.03,71.92
"2020-01-09",93742,1.71,424.66
"2020-01-09",28504,1.37,250
"2020-01-09",32213,58.22,9356.16
"2020-01-09",69921,0.68,41.1
"2020-01-09",73952,0.34,10.27
"2020-01-09",50479,2.05,116.44
"2020-01-09",92871,0.68,6.85
"2020-01-09",26533,0.34,10.27
"2020-01-09",15254,0.34,3.42
"2020-01-09",78818,0.34,3.42
"2020-01-09",90153,2.4,263.7
"2020-01-09",26488,39.04,2684.93
"2020-01-09",70957,0.34,3.42
"2020-01-09",52695,0.68,10.27
"2020-01-09",85975,5.48,2773.97
"2020-01-09",72758,0.34,27.4
"2020-01-09",67056,0.68,6.85
"2020-01-09",48165,1.37,30.82
"2020-01-09",83797,1.37,54.79
"2020-01-09",57293,0.34,65.07
"2020-01-10",47261,1.37,143.84
"2020-01-10",83118,12.67,1695.21
"2020-01-10",29790,0.34,6.85
"2020-01-10",94158,0.34,3.42
"2020-01-10",78730,0.34,3.42
"2020-01-10",18139,0.34,3.42
"2020-01-10",48165,0.34,13.7
"2020-01-10",50104,0.34,3.42
"2020-01-10",69921,1.03,27.4
"2020-01-10",92140,0.68,20.55
"2020-01-10",83248,0.68,20.55
"2020-01-10",54430,1.37,44.52
"2020-01-10",26488,36.3,2044.52
"2020-01-10",69429,0.34,3.42
"2020-01-10",73466,0.34,20.55
"2020-01-10",50479,1.71,171.23
"2020-01-10",54827,0.34,3.42
"2020-01-10",50580,6.16,65.07
"2020-01-10",63335,0.34,13.7
"2020-01-10",82213,0.34,51.37
"2020-01-10",57293,0.34,3.42
"2020-01-10",13496,2.74,41.1
"2020-01-10",90153,2.05,239.73
"2020-01-10",82357,0.34,6.85
"2020-01-10",89267,0.34,10.27
"2020-01-10",87762,0.34,3.42
"2020-01-10",45811,4.45,541.1
"2020-01-10",77698,0.34,13.7
"2020-01-10",65195,0.68,6.85
"2020-01-10",69827,0.34,3.42
"2020-01-10",33185,26.37,3695.21
"2020-01-10",91165,0.68,10.27
"2020-01-10",95731,38.01,7900.68
"2020-01-10",51340,0.68,47.95
"2020-01-10",32213,58.9,10589.04
"2020-01-10",96973,0.34,3.42
"2020-01-10",92290,0.34,3.42
"2020-01-10",80493,1.71,54.79
"2020-01-10",73952,0.68,6.85
"2020-01-10",13591,0.34,3.42
"2020-01-10",31827,0.34,20.55
"2020-01-10",57724,0.34,17.12
"2020-01-10",85836,0.34,3.42
"2020-01-10",24711,0.34,3.42
"2020-01-10",28504,3.08,400.68
"2020-01-10",39035,0.68,95.89
"2020-01-10",29286,0.34,3.42
"2020-01-10",16401,0.34,6.85
"2020-01-10",13699,0.34,6.85
"2020-01-10",85975,1.03,30.82
"2020-01-10",93742,2.4,660.96
"2020-01-10",15254,0.34,44.52
"2020-01-10",25793,0.34,3.42
"2020-01-10",70167,6.85,815.07
"2020-01-10",47267,0.68,10.27
"2020-01-10",43491,0.34,47.95
"2020-01-10",55920,0.34,3.42
"2020-01-10",28525,4.79,75.34
"2020-01-10",66933,1.03,369.86
"2020-01-10",52695,2.4,71.92
"2020-01-10",71805,0.68,6.85
"2020-01-10",10533,0.34,6.85
"2020-01-10",78063,0.34,3.42
"2020-01-10",99916,25.68,726.03
"2020-01-10",69863,0.68,6.85
"2020-01-10",36620,1.37,106.16
"2020-01-10",57084,12.33,1106.16
"2020-01-10",45820,3.42,342.47
"2020-01-10",36692,2.05,253.42
"2020-01-10",88925,1.71,78.77
"2020-01-10",52175,0.34,6.85
"2020-01-10",98265,1.71,102.74
"2020-01-10",88878,0.34,10.27
"2020-01-10",29322,12.67,3729.45
"2020-01-10",88885,0.68,10.27
"2020-01-10",79794,0.34,140.41
"2020-01-10",74653,7.53,2188.36
"2020-01-10",24342,4.11,513.7
"2020-01-10",64948,8.56,431.51
"2020-01-10",83797,0.68,27.4
"2020-01-10",70957,0.34,6.85
"2020-01-10",40928,7.19,304.79
"2020-01-11",40928,0.34,17.12
"2020-01-11",24342,0.34,41.1
"2020-01-11",57084,0.68,10.27
"2020-01-11",32213,2.74,85.62
"2020-01-11",26488,0.34,3.42
"2020-01-11",33185,1.71,85.62
"2020-01-11",90153,0.68,20.55
"2020-01-11",50580,0.68,6.85
"2020-01-11",43491,0.34,6.85
"2020-01-11",99916,0.34,3.42
"2020-01-11",28504,1.03,20.55
"2020-01-11",82213,0.34,102.74
"2020-01-11",95731,2.05,339.04
"2020-01-12",99916,0.68,47.95
"2020-01-12",92290,0.34,6.85
"2020-01-12",90153,1.03,78.77
"2020-01-12",98265,0.34,44.52
"2020-01-12",29322,0.68,178.08
"2020-01-12",54827,0.34,34.25
"2020-01-12",95731,4.11,801.37
"2020-01-12",50580,0.68,10.27
"2020-01-12",28504,1.03,184.93
"2020-01-12",69921,0.34,3.42
"2020-01-12",69827,0.34,3.42
"2020-01-12",32213,5.82,613.01
"2020-01-12",26488,1.03,17.12
"2020-01-12",70167,1.37,273.97
"2020-01-12",85682,0.34,3.42
"2020-01-12",33185,2.74,267.12
"2020-01-12",36620,0.34,37.67
"2020-01-12",48165,0.34,3.42
"2020-01-12",28525,0.34,6.85
"2020-01-13",74653,3.08,61.64
"2020-01-13",80493,3.08,109.59
"2020-01-13",82213,0.34,41.1
"2020-01-13",14769,7.53,479.45
"2020-01-13",50580,4.79,89.04
"2020-01-13",13699,0.34,3.42
"2020-01-13",16401,0.34,6.85
"2020-01-13",13326,0.34,6.85
"2020-01-13",26488,4.79,363.01
"2020-01-13",58235,0.68,20.55
"2020-01-13",99916,7.88,212.33
"2020-01-13",64948,5.48,171.23
"2020-01-13",69921,0.68,89.04
"2020-01-13",70167,8.22,1130.14
"2020-01-13",33185,16.1,2020.55
"2020-01-13",90153,2.05,188.36
"2020-01-13",93742,2.05,280.82
"2020-01-13",72758,0.34,65.07
"2020-01-13",22773,0.34,3.42
"2020-01-13",40928,15.07,715.75
"2020-01-13",29322,11.99,3434.93
"2020-01-13",92290,0.34,3.42
"2020-01-13",77713,0.34,20.55
"2020-01-13",60825,0.68,6.85
"2020-01-13",32213,41.78,3568.49
"2020-01-13",95731,31.16,4479.45
"2020-01-13",71805,0.34,30.82
"2020-01-13",70957,1.03,30.82
"2020-01-13",86812,0.34,68.49
"2020-01-13",13429,0.68,6.85
"2020-01-13",90511,0.34,6.85
"2020-01-13",50479,1.37,95.89
"2020-01-13",85975,0.34,23.97
"2020-01-13",28504,3.08,547.95
"2020-01-13",25281,0.34,3.42
"2020-01-13",15225,0.68,27.4
"2020-01-13",69863,1.37,54.79
"2020-01-13",28525,4.45,71.92
"2020-01-13",48165,1.03,10.27
"2020-01-13",51340,0.68,68.49
"2020-01-13",87762,0.34,10.27
"2020-01-13",92871,0.34,3.42
"2020-01-13",31827,0.34,47.95
"2020-01-13",36620,0.68,51.37
"2020-01-13",45820,3.08,462.33
"2020-01-13",71000,0.34,3.42
"2020-01-13",83248,0.34,30.82
"2020-01-13",33326,1.03,23.97
"2020-01-13",28199,3.42,89.04
"2020-01-13",12803,0.34,3.42
"2020-01-13",54430,0.68,6.85
"2020-01-13",52695,0.34,6.85
"2020-01-13",98265,3.42,243.15
"2020-01-13",15254,0.34,150.68
"2020-01-13",88885,0.34,6.85
"2020-01-13",65277,0.34,3.42
"2020-01-13",83797,0.68,10.27
"2020-01-13",88925,0.68,23.97
"2020-01-13",16164,0.34,3.42
"2020-01-13",21855,0.34,3.42
"2020-01-13",78586,0.34,3.42
"2020-01-13",57084,8.9,589.04
"2020-01-13",14168,0.68,44.52
"2020-01-13",13496,0.34,3.42
"2020-01-13",34188,0.34,6.85
"2020-01-13",28999,0.34,3.42
"2020-01-13",24342,7.19,1291.1
"2020-01-13",83118,9.93,1712.33
"2020-01-13",45811,1.03,99.32
"2020-01-13",92140,0.68,30.82
"2020-01-13",86059,0.68,6.85
"2020-01-13",43491,0.34,3.42
"2020-01-14",55920,0.68,20.48
"2020-01-14",26488,4.78,180.89
"2020-01-14",95731,39.25,5406.14
"2020-01-14",83118,4.44,587.03
"2020-01-14",92140,1.37,30.72
"2020-01-14",77713,0.34,10.24
"2020-01-14",82213,0.34,68.26
"2020-01-14",83797,0.34,10.24
"2020-01-14",94324,0.34,27.3
"2020-01-14",29322,4.44,139.93
"2020-01-14",72758,0.34,3.41
"2020-01-14",91165,1.37,98.98
"2020-01-14",28504,4.78,477.82
"2020-01-14",58235,0.68,105.8
"2020-01-14",28199,4.44,344.71
"2020-01-14",13496,3.07,68.26
"2020-01-14",88925,1.71,81.91
"2020-01-14",24342,3.75,354.95
"2020-01-14",47261,0.34,6.83
"2020-01-14",30851,0.68,6.83
"2020-01-14",48165,0.68,13.65
"2020-01-14",70167,7.85,774.74
"2020-01-14",98265,2.05,109.22
"2020-01-14",68490,0.34,6.83
"2020-01-14",90153,1.71,225.26
"2020-01-14",45820,4.44,563.14
"2020-01-14",32213,48.81,6757.68
"2020-01-14",69429,0.34,3.41
"2020-01-14",16164,0.34,13.65
"2020-01-14",52695,2.73,102.39
"2020-01-14",33185,16.38,2651.88
"2020-01-14",14769,11.95,1058.02
"2020-01-14",26696,0.34,6.83
"2020-01-14",64948,5.8,320.82
"2020-01-14",24532,0.34,3.41
"2020-01-14",34188,0.34,10.24
"2020-01-14",92993,0.68,20.48
"2020-01-14",84652,0.34,6.83
"2020-01-14",11206,0.34,17.06
"2020-01-14",71805,0.68,17.06
"2020-01-14",90118,0.34,3.41
"2020-01-14",67056,0.34,3.41
"2020-01-14",69863,1.71,27.3
"2020-01-14",36692,0.34,30.72
"2020-01-14",40928,13.99,781.57
"2020-01-14",69921,1.02,208.19
"2020-01-14",16401,0.34,10.24
"2020-01-14",43491,0.34,27.3
"2020-01-14",14168,1.37,119.45
"2020-01-14",45811,1.71,37.54
"2020-01-14",57084,10.92,621.16
"2020-01-14",50580,8.19,102.39
"2020-01-14",86812,0.34,3.41
"2020-01-14",80493,3.41,194.54
"2020-01-14",55007,0.34,17.06
"2020-01-14",88878,0.34,6.83
"2020-01-14",24711,0.34,3.41
"2020-01-14",99916,12.63,392.49
"2020-01-14",28744,0.34,3.41
"2020-01-14",11286,0.34,3.41
"2020-01-14",15254,1.02,136.52
"2020-01-14",70957,0.34,6.83
"2020-01-14",85975,2.05,600.68
"2020-01-14",54827,0.34,133.11
"2020-01-14",51340,1.02,17.06
"2020-01-14",28525,6.83,105.8
"2020-01-14",65277,0.34,3.41
"2020-01-14",50479,2.39,204.78
"2020-01-14",86059,1.37,37.54
"2020-01-14",47267,0.68,10.24
"2020-01-14",94058,0.34,13.65
"2020-01-14",16633,0.68,6.83
"2020-01-14",54430,0.34,3.41
"2020-01-14",31827,0.34,34.13
"2020-01-14",14124,0.34,3.41
"2020-01-14",49571,0.34,92.15
"2020-01-14",93742,1.71,266.21
"2020-01-14",13591,0.34,13.65
"2020-01-14",45716,0.34,3.41
"2020-01-14",92290,0.34,6.83
"2020-01-15",68490,0.34,3.41
"2020-01-15",13496,1.37,27.3
"2020-01-15",39035,0.68,6.83
"2020-01-15",69921,1.02,150.17
"2020-01-15",69863,1.37,40.96
"2020-01-15",40928,14.33,846.42
"2020-01-15",52695,7.85,201.37
"2020-01-15",92993,9.9,1716.72
"2020-01-15",49062,0.34,13.65
"2020-01-15",54827,0.34,13.65
"2020-01-15",70167,7.85,778.16
"2020-01-15",69827,0.34,3.41
"2020-01-15",95731,40.61,6754.27
"2020-01-15",51340,0.34,6.83
"2020-01-15",54430,0.34,13.65
"2020-01-15",90153,2.39,242.32
"2020-01-15",70957,0.34,3.41
"2020-01-15",79289,0.34,20.48
"2020-01-15",65358,0.68,204.78
"2020-01-15",98265,3.41,112.63
"2020-01-15",69429,0.34,64.85
"2020-01-15",45820,10.24,1689.42
"2020-01-15",99916,12.29,610.92
"2020-01-15",26488,3.07,187.71
"2020-01-15",14769,11.26,583.62
"2020-01-15",26696,0.34,3.41
"2020-01-15",88878,0.34,23.89
"2020-01-15",91165,0.34,3.41
"2020-01-15",83118,1.71,238.91
"2020-01-15",16164,0.34,3.41
"2020-01-15",14168,1.37,40.96
"2020-01-15",73952,0.34,3.41
"2020-01-15",94058,0.34,20.48
"2020-01-15",15254,0.34,30.72
"2020-01-15",33185,13.65,1129.69
"2020-01-15",24532,0.34,17.06
"2020-01-15",90118,0.68,6.83
"2020-01-15",50580,5.46,85.32
"2020-01-15",76122,5.12,119.45
"2020-01-15",94324,0.68,88.74
"2020-01-15",16401,0.34,3.41
"2020-01-15",50479,0.68,13.65
"2020-01-15",47261,0.34,6.83
"2020-01-15",26372,0.34,3.41
"2020-01-15",88925,1.71,47.78
"2020-01-15",10225,0.34,3.41
"2020-01-15",97149,6.14,88.74
"2020-01-15",45811,1.02,17.06
"2020-01-15",36620,0.68,129.69
"2020-01-15",11206,0.68,13.65
"2020-01-15",64948,9.9,266.21
"2020-01-15",71805,0.34,17.06
"2020-01-15",65277,0.34,6.83
"2020-01-15",16633,3.07,34.13
"2020-01-15",49571,0.34,3.41
"2020-01-15",23483,0.68,10.24
"2020-01-15",31827,0.34,34.13
"2020-01-15",29322,3.41,262.8
"2020-01-15",52196,0.34,3.41
"2020-01-15",24711,2.05,843
"2020-01-15",92140,0.34,3.41
"2020-01-15",69586,0.68,6.83
"2020-01-15",43491,0.34,68.26
"2020-01-15",16406,0.34,221.84
"2020-01-15",11286,0.34,6.83
"2020-01-15",80616,0.34,3.41
"2020-01-15",84652,0.34,6.83
"2020-01-15",13591,0.34,6.83
"2020-01-15",58894,0.34,3.41
"2020-01-15",49785,0.34,3.41
"2020-01-15",80493,4.1,163.82
"2020-01-15",24342,5.8,556.31
"2020-01-15",12803,0.34,3.41
"2020-01-15",18437,0.68,6.83
"2020-01-15",82213,0.34,54.61
"2020-01-15",85975,6.14,1095.56
"2020-01-15",72758,0.34,3.41
"2020-01-15",48165,0.68,51.19
"2020-01-15",32213,51.88,6631.4
"2020-01-15",26512,0.68,40.96
"2020-01-15",28525,11.26,160.41
"2020-01-15",57084,12.29,672.35
"2020-01-15",28744,0.68,10.24
"2020-01-15",28199,6.14,443.69
"2020-01-15",74653,5.8,440.27
"2020-01-15",64030,0.34,6.83
"2020-01-15",55920,1.02,27.3
"2020-01-15",86059,0.34,6.83
"2020-01-15",93742,2.39,378.84
"2020-01-15",76214,0.34,10.24
"2020-01-15",28504,2.73,221.84
"2020-01-16",57293,0.34,13.65
"2020-01-16",29322,6.83,883.96
"2020-01-16",50580,5.46,71.67
"2020-01-16",80493,3.07,215.02
"2020-01-16",28525,5.46,105.8
"2020-01-16",28504,2.39,194.54
"2020-01-16",80414,0.34,3.41
"2020-01-16",68490,0.34,6.83
"2020-01-16",45811,1.02,17.06
"2020-01-16",65358,0.68,61.43
"2020-01-16",10225,0.34,3.41
"2020-01-16",98068,0.34,3.41
"2020-01-16",67056,1.02,10.24
"2020-01-16",32213,49.49,6836.18
"2020-01-16",92993,3.07,317.41
"2020-01-16",88925,1.37,30.72
"2020-01-16",24342,7.51,1532.42
"2020-01-16",85975,3.75,566.55
"2020-01-16",43491,0.68,44.37
"2020-01-16",74653,1.71,23.89
"2020-01-16",14769,11.26,860.07
"2020-01-16",69586,0.34,3.41
"2020-01-16",86059,0.34,23.89
"2020-01-16",14168,1.71,143.34
"2020-01-16",50479,0.68,64.85
"2020-01-16",95983,0.34,3.41
"2020-01-16",91165,0.34,3.41
"2020-01-16",54430,0.68,6.83
"2020-01-16",88878,1.71,51.19
"2020-01-16",88885,6.14,395.9
"2020-01-16",92871,0.34,3.41
"2020-01-16",40928,13.99,672.35
"2020-01-16",69921,1.02,27.3
"2020-01-16",49062,1.02,40.96
"2020-01-16",83797,1.02,20.48
"2020-01-16",83118,2.05,412.97
"2020-01-16",49571,0.68,13.65
"2020-01-16",98265,2.73,221.84
"2020-01-16",29286,0.34,3.41
"2020-01-16",85836,0.34,6.83
"2020-01-16",28199,4.1,300.34
"2020-01-16",31827,1.02,27.3
"2020-01-16",11206,0.34,3.41
"2020-01-16",82213,0.34,3.41
"2020-01-16",55920,1.02,44.37
"2020-01-16",71805,0.34,20.48
"2020-01-16",92844,0.34,6.83
"2020-01-16",10625,0.34,44.37
"2020-01-16",55007,0.34,3.41
"2020-01-16",97149,0.34,3.41
"2020-01-16",92140,1.02,71.67
"2020-01-16",13496,1.71,102.39
"2020-01-16",86294,1.71,180.89
"2020-01-16",69863,0.68,13.65
"2020-01-16",36620,0.68,27.3
"2020-01-16",76122,3.07,88.74
"2020-01-16",69429,0.34,20.48
"2020-01-16",64948,5.8,269.62
"2020-01-16",24532,0.34,3.41
"2020-01-16",48165,1.02,20.48
"2020-01-16",15254,0.34,78.5
"2020-01-16",90153,2.39,320.82
"2020-01-16",52695,12.29,307.17
"2020-01-16",95731,42.66,6791.81
"2020-01-16",18296,0.34,3.41
"2020-01-16",93742,2.73,945.39
"2020-01-16",13591,0.34,3.41
"2020-01-16",33326,1.71,68.26
"2020-01-16",94324,0.68,37.54
"2020-01-16",30851,0.34,3.41
"2020-01-16",70167,7.17,832.76
"2020-01-16",36692,0.68,27.3
"2020-01-16",66933,0.34,3.41
"2020-01-16",76214,0.68,13.65
"2020-01-16",99916,16.04,515.36
"2020-01-16",66204,0.34,10.24
"2020-01-16",33185,10.24,501.71
"2020-01-16",13699,0.34,6.83
"2020-01-16",57084,12.63,846.42
"2020-01-16",78586,5.12,1525.6
"2020-01-16",26488,9.22,1593.86
"2020-01-16",45820,3.75,361.77
"2020-01-16",15225,3.07,668.94
"2020-01-16",94058,0.34,10.24
"2020-01-16",18090,0.34,54.61
"2020-01-17",90153,2.39,324.23
"2020-01-17",11206,0.34,3.41
"2020-01-17",60825,0.34,3.41
"2020-01-17",48165,0.68,6.83
"2020-01-17",52695,4.78,98.98
"2020-01-17",73466,1.02,44.37
"2020-01-17",10650,0.34,3.41
"2020-01-17",33185,40.96,3303.75
"2020-01-17",92290,0.34,30.72
"2020-01-17",58894,0.34,3.41
"2020-01-17",26512,0.68,37.54
"2020-01-17",86059,0.34,3.41
"2020-01-17",54430,0.34,3.41
"2020-01-17",77908,0.34,3.41
"2020-01-17",50580,7.17,126.28
"2020-01-17",83270,0.34,3.41
"2020-01-17",37153,0.34,3.41
"2020-01-17",94324,0.68,64.85
"2020-01-17",55589,0.34,3.41
"2020-01-17",83118,0.68,23.89
"2020-01-17",64948,7.85,385.67
"2020-01-17",40928,4.78,221.84
"2020-01-17",36620,1.02,143.34
"2020-01-17",24532,0.34,3.41
"2020-01-17",39035,1.02,47.78
"2020-01-17",57084,13.99,1058.02
"2020-01-17",99916,8.87,412.97
"2020-01-17",28504,1.02,139.93
"2020-01-17",69921,0.34,389.08
"2020-01-17",71805,0.34,10.24
"2020-01-17",55920,0.68,68.26
"2020-01-17",98265,3.41,426.62
"2020-01-17",43491,0.34,37.54
"2020-01-17",15225,0.68,6.83
"2020-01-17",70167,5.46,750.85
"2020-01-17",51340,0.34,3.41
"2020-01-17",94058,0.68,23.89
"2020-01-17",13496,2.73,47.78
"2020-01-17",92167,0.34,10.24
"2020-01-17",28525,3.41,47.78
"2020-01-17",82213,0.34,40.96
"2020-01-17",16633,0.68,13.65
"2020-01-17",58235,0.68,102.39
"2020-01-17",80560,2.73,467.58
"2020-01-17",26488,4.78,740.61
"2020-01-17",57293,0.34,27.3
"2020-01-17",74653,0.34,47.78
"2020-01-17",32213,56.31,9197.95
"2020-01-17",65277,0.34,78.5
"2020-01-17",45811,0.34,34.13
"2020-01-17",21855,0.34,3.41
"2020-01-17",16401,0.34,6.83
"2020-01-17",24342,6.14,535.84
"2020-01-17",54827,0.34,27.3
"2020-01-17",93742,3.07,313.99
"2020-01-17",16406,0.34,40.96
"2020-01-17",14769,10.24,832.76
"2020-01-17",50479,0.68,10.24
"2020-01-17",78586,3.75,703.07
"2020-01-17",69863,0.68,6.83
"2020-01-17",72758,0.34,6.83
"2020-01-17",14168,0.68,34.13
"2020-01-17",69827,2.05,40.96
"2020-01-17",28199,4.1,126.28
"2020-01-17",80493,2.39,112.63
"2020-01-17",84652,0.34,3.41
"2020-01-17",85975,2.05,184.3
"2020-01-17",24711,13.65,18757.68
"2020-01-17",77698,0.34,10.24
"2020-01-17",88925,0.68,10.24
"2020-01-17",16164,0.68,64.85
"2020-01-17",33624,0.68,6.83
"2020-01-17",95731,36.86,6505.12
"2020-01-17",29322,9.9,2529.01
"2020-01-17",92993,4.78,703.07
"2020-01-17",97149,0.34,3.41
"2020-01-17",91165,4.44,651.88
"2020-01-17",45820,4.1,1153.58
"2020-01-17",92844,0.34,3.41
"2020-01-17",49062,1.02,23.89
"2020-01-17",65358,0.34,3.41
"2020-01-17",15254,0.34,30.72
"2020-01-17",31827,0.34,10.24
"2020-01-17",88885,3.75,146.76
"2020-01-17",33326,0.68,10.24
"2020-01-17",66933,0.68,296.93
"2020-01-17",86407,0.34,6.83
"2020-01-17",79794,0.68,61.43
"2020-01-18",80493,0.68,30.72
"2020-01-18",64948,0.68,122.87
"2020-01-18",50580,0.68,6.83
"2020-01-18",59304,0.34,3.41
"2020-01-18",36620,0.68,78.5
"2020-01-18",99916,0.34,40.96
"2020-01-18",65277,0.34,64.85
"2020-01-18",90153,1.02,20.48
"2020-01-18",78586,0.34,47.78
"2020-01-18",24711,1.02,20.48
"2020-01-18",98265,0.34,23.89
"2020-01-18",65358,0.34,34.13
"2020-01-18",80560,1.02,105.8
"2020-01-18",95731,4.1,617.75
"2020-01-18",93742,0.68,88.74
"2020-01-18",70167,1.02,143.34
"2020-01-18",33185,0.34,37.54
"2020-01-18",86407,0.34,3.41
"2020-01-18",55920,0.34,3.41
"2020-01-18",92844,0.34,3.41
"2020-01-18",29322,0.68,34.13
"2020-01-18",40508,0.34,10.24
"2020-01-18",32213,2.73,208.19
"2020-01-18",24342,0.34,3.41
"2020-01-19",43491,0.34,3.41
"2020-01-19",32213,6.14,802.05
"2020-01-19",88925,0.34,3.41
"2020-01-19",95731,5.46,433.45
"2020-01-19",52695,0.34,3.41
"2020-01-19",36620,0.68,71.67
"2020-01-19",80560,0.34,40.96
"2020-01-19",28504,0.68,47.78
"2020-01-19",70167,1.71,296.93
"2020-01-19",24711,0.34,3.41
"2020-01-19",99916,1.02,23.89
"2020-01-19",64948,0.68,64.85
"2020-01-19",90153,0.68,126.28
"2020-01-19",26488,0.34,10.24
"2020-01-19",98265,0.34,3.41
"2020-01-19",57084,0.34,27.3
"2020-01-19",65358,0.34,98.98
"2020-01-19",92844,0.34,6.83
"2020-01-19",40508,0.34,13.65
"2020-01-19",92871,0.34,3.41
"2020-01-19",29322,0.34,13.65
"2020-01-19",33185,1.37,235.49
"2020-01-19",80493,0.68,17.06
"2020-01-19",50580,0.34,3.41
"2020-01-19",78586,1.02,167.24
"2020-01-20",78586,4.08,574.83
"2020-01-20",83848,0.34,13.61
"2020-01-20",36620,0.68,115.65
"2020-01-20",70167,9.18,863.95
"2020-01-20",82213,0.34,47.62
"2020-01-20",71805,0.34,13.61
"2020-01-20",13496,2.72,639.46
"2020-01-20",95731,31.63,6744.9
"2020-01-20",15254,0.34,40.82
"2020-01-20",65277,0.34,3.4
"2020-01-20",89267,0.34,3.4
"2020-01-20",28504,0.34,3.4
"2020-01-20",79794,0.34,3.4
"2020-01-20",55920,0.34,6.8
"2020-01-20",72758,1.02,23.81
"2020-01-20",54430,0.34,17.01
"2020-01-20",54827,0.34,27.21
"2020-01-20",86059,1.02,20.41
"2020-01-20",88885,0.34,3.4
"2020-01-20",80493,2.72,105.44
"2020-01-20",40508,0.34,13.61
"2020-01-20",13429,0.34,3.4
"2020-01-20",28525,5.1,64.63
"2020-01-20",68490,0.34,3.4
"2020-01-20",91165,1.02,81.63
"2020-01-20",69827,0.68,6.8
"2020-01-20",16406,0.34,17.01
"2020-01-20",80616,0.34,3.4
"2020-01-20",36692,0.34,3.4
"2020-01-20",28578,0.34,3.4
"2020-01-20",90153,2.72,452.38
"2020-01-20",65358,0.68,23.81
"2020-01-20",50479,1.36,61.22
"2020-01-20",32213,55.1,8013.61
"2020-01-20",92993,2.04,108.84
"2020-01-20",50580,5.44,105.44
"2020-01-20",83248,0.34,74.83
"2020-01-20",29322,3.4,295.92
"2020-01-20",37891,0.34,6.8
"2020-01-20",11206,0.34,10.2
"2020-01-20",40928,1.36,23.81
"2020-01-20",80560,1.02,227.89
"2020-01-20",10533,0.34,20.41
"2020-01-20",24342,1.7,78.23
"2020-01-20",34657,0.34,3.4
"2020-01-20",69921,1.02,136.05
"2020-01-20",26488,36.05,1768.71
"2020-01-20",14168,1.02,17.01
"2020-01-20",45811,0.34,3.4
"2020-01-20",85836,0.34,3.4
"2020-01-20",24711,10.88,11775.51
"2020-01-20",99916,10.88,282.31
"2020-01-20",76122,5.78,78.23
"2020-01-20",98265,2.72,156.46
"2020-01-20",60825,0.34,3.4
"2020-01-20",64948,9.52,591.84
"2020-01-20",16401,0.34,54.42
"2020-01-20",43491,0.34,3.4
"2020-01-20",92140,0.34,3.4
"2020-01-20",74653,7.48,2129.25
"2020-01-20",15225,0.68,10.2
"2020-01-20",58235,0.34,6.8
"2020-01-20",83270,0.34,3.4
"2020-01-20",94058,0.34,98.64
"2020-01-20",66933,0.68,282.31
"2020-01-20",89527,0.34,3.4
"2020-01-20",50168,0.34,3.4
"2020-01-20",31827,0.34,10.2
"2020-01-20",57084,8.16,319.73
"2020-01-20",33185,11.56,880.95
"2020-01-20",28199,4.08,295.92
"2020-01-20",75781,13.27,2534.01
"2020-01-20",85975,1.02,30.61
"2020-01-20",48165,0.34,6.8
"2020-01-20",91033,0.34,6.8
"2020-01-20",16468,0.68,17.01
"2020-01-20",75451,0.34,3.4
"2020-01-20",52695,1.7,34.01
"2020-01-20",49560,0.34,3.4
"2020-01-20",86294,0.34,6.8
"2020-01-20",45820,6.8,1064.63
"2020-01-20",93742,0.34,17.01
"2020-01-20",51853,0.34,3.4
"2020-01-20",14769,5.78,523.81
"2020-01-21",28504,3.74,513.61
"2020-01-21",41150,0.34,27.21
"2020-01-21",24342,2.72,132.65
"2020-01-21",80493,2.04,98.64
"2020-01-21",33326,5.1,802.72
"2020-01-21",69921,0.34,37.41
"2020-01-21",74653,6.8,2343.54
"2020-01-21",36620,1.36,241.5
"2020-01-21",78586,3.4,309.52
"2020-01-21",13591,0.34,13.61
"2020-01-21",45811,0.34,3.4
"2020-01-21",28199,6.12,683.67
"2020-01-21",52695,2.72,68.03
"2020-01-21",53533,0.34,3.4
"2020-01-21",24711,18.03,27914.97
"2020-01-21",54827,0.34,17.01
"2020-01-21",11286,0.34,6.8
"2020-01-21",37153,0.34,3.4
"2020-01-21",76122,3.4,54.42
"2020-01-21",95983,5.1,81.63
"2020-01-21",36692,0.68,149.66
"2020-01-21",26488,36.39,5755.1
"2020-01-21",90153,2.38,411.56
"2020-01-21",99916,11.9,493.2
"2020-01-21",48165,0.34,3.4
"2020-01-21",71805,0.34,37.41
"2020-01-21",98265,2.04,54.42
"2020-01-21",16406,1.36,275.51
"2020-01-21",11206,0.34,6.8
"2020-01-21",13496,1.02,20.41
"2020-01-21",54430,0.34,23.81
"2020-01-21",83248,0.34,61.22
"2020-01-21",86059,0.34,23.81
"2020-01-21",16401,0.34,6.8
"2020-01-21",92844,0.34,6.8
"2020-01-21",91165,2.38,231.29
"2020-01-21",80616,0.34,3.4
"2020-01-21",88925,0.68,34.01
"2020-01-21",23483,0.34,3.4
"2020-01-21",16468,0.34,3.4
"2020-01-21",57084,7.48,401.36
"2020-01-21",32213,59.18,8989.8
"2020-01-21",82213,0.34,34.01
"2020-01-21",33185,31.63,1914.97
"2020-01-21",50479,2.04,258.5
"2020-01-21",92993,4.42,452.38
"2020-01-21",75781,3.06,136.05
"2020-01-21",14168,0.68,13.61
"2020-01-21",15254,0.68,64.63
"2020-01-21",28525,3.74,51.02
"2020-01-21",76889,0.34,3.4
"2020-01-21",64948,2.38,156.46
"2020-01-21",31827,0.34,27.21
"2020-01-21",80560,1.7,809.52
"2020-01-21",50580,4.08,74.83
"2020-01-21",93742,1.36,74.83
"2020-01-21",14769,6.12,302.72
"2020-01-21",29322,2.72,326.53
"2020-01-21",72758,0.34,23.81
"2020-01-21",65358,0.34,10.2
"2020-01-21",47267,0.68,17.01
"2020-01-21",69863,1.7,40.82
"2020-01-21",70167,8.84,925.17
"2020-01-21",40508,9.18,741.5
"2020-01-21",40928,0.34,6.8
"2020-01-21",83270,0.34,3.4
"2020-01-21",67056,0.68,6.8
"2020-01-21",95731,29.59,5115.65
"2020-01-22",14769,5.78,295.92
"2020-01-22",88885,1.02,17.01
"2020-01-22",78586,3.4,217.69
"2020-01-22",88925,1.36,30.61
"2020-01-22",13591,0.34,3.4
"2020-01-22",15225,0.34,3.4
"2020-01-22",18449,0.34,3.4
"2020-01-22",50479,1.7,187.07
"2020-01-22",71805,0.34,3.4
"2020-01-22",36692,0.68,61.22
"2020-01-22",83118,0.34,3.4
"2020-01-22",13699,0.34,3.4
"2020-01-22",26696,0.34,3.4
"2020-01-22",99916,7.82,329.93
"2020-01-22",57084,7.82,346.94
"2020-01-22",24342,6.8,1510.2
"2020-01-22",45820,0.34,10.2
"2020-01-22",28199,0.34,13.61
"2020-01-22",11237,0.34,6.8
"2020-01-22",72703,0.68,20.41
"2020-01-22",49276,0.34,3.4
"2020-01-22",50580,2.38,23.81
"2020-01-22",92844,0.34,6.8
"2020-01-22",13429,0.34,6.8
"2020-01-22",36620,1.36,146.26
"2020-01-22",28525,8.84,231.29
"2020-01-22",95983,0.34,3.4
"2020-01-22",55920,0.34,3.4
"2020-01-22",77713,1.02,30.61
"2020-01-22",48978,0.34,3.4
"2020-01-22",60825,0.34,13.61
"2020-01-22",88878,0.34,40.82
"2020-01-22",92140,0.34,3.4
"2020-01-22",55589,0.34,37.41
"2020-01-22",42784,0.34,3.4
"2020-01-22",47267,0.34,3.4
"2020-01-22",48165,0.34,3.4
"2020-01-22",69863,0.34,3.4
"2020-01-22",52695,2.72,44.22
"2020-01-22",82213,0.34,3.4
"2020-01-22",57724,0.34,6.8
"2020-01-22",85975,0.34,13.61
"2020-01-22",38755,0.34,10.2
"2020-01-22",74653,9.18,1568.03
"2020-01-22",49050,0.68,350.34
"2020-01-22",95731,35.37,6496.6
"2020-01-22",33185,29.59,1683.67
"2020-01-22",19334,8.84,159.86
"2020-01-22",80493,1.36,91.84
"2020-01-22",32213,57.14,10000
"2020-01-22",75781,1.02,17.01
"2020-01-22",31827,0.34,17.01
"2020-01-22",80560,2.04,469.39
"2020-01-22",15254,0.34,40.82
"2020-01-22",28504,2.38,261.9
"2020-01-22",13496,1.7,64.63
"2020-01-22",83797,1.02,23.81
"2020-01-22",14168,1.7,30.61
"2020-01-22",43491,0.34,119.05
"2020-01-22",29322,5.44,1034.01
"2020-01-22",64948,1.02,47.62
"2020-01-22",33326,1.02,51.02
"2020-01-22",40508,1.7,47.62
"2020-01-22",86059,0.34,37.41
"2020-01-22",26491,0.34,3.4
"2020-01-22",70167,8.5,846.94
"2020-01-22",30851,0.68,17.01
"2020-01-22",24711,5.78,3656.46
"2020-01-22",23483,0.34,3.4
"2020-01-22",48053,0.34,3.4
"2020-01-22",93742,0.34,30.61
"2020-01-22",98265,2.38,418.37
"2020-01-22",69921,0.68,278.91
"2020-01-22",90153,1.7,340.14
"2020-01-22",72758,0.68,98.64
"2020-01-22",26488,32.65,1806.12
"2020-01-23",83797,0.34,3.4
"2020-01-23",32213,66.67,10506.8
"2020-01-23",57084,7.14,329.93
"2020-01-23",13699,0.34,6.8
"2020-01-23",36692,0.68,57.82
"2020-01-23",28199,5.44,445.58
"2020-01-23",33185,20.41,2136.05
"2020-01-23",50479,1.7,530.61
"2020-01-23",88721,0.34,6.8
"2020-01-23",22845,0.34,108.84
"2020-01-23",33624,0.34,3.4
"2020-01-23",15225,0.34,10.2
"2020-01-23",45811,0.34,3.4
"2020-01-23",65358,1.7,282.31
"2020-01-23",16401,0.34,10.2
"2020-01-23",70167,7.82,598.64
"2020-01-23",49050,0.34,6.8
"2020-01-23",16406,0.34,244.9
"2020-01-23",42784,0.34,6.8
"2020-01-23",55007,0.34,6.8
"2020-01-23",75781,6.8,948.98
"2020-01-23",92871,0.34,20.41
"2020-01-23",71805,0.68,6.8
"2020-01-23",78730,0.34,37.41
"2020-01-23",89050,0.34,20.41
"2020-01-23",28504,1.7,68.03
"2020-01-23",28525,4.42,47.62
"2020-01-23",69921,0.34,476.19
"2020-01-23",58962,0.34,10.2
"2020-01-23",65277,0.68,51.02
"2020-01-23",80493,1.7,85.03
"2020-01-23",43491,0.34,71.43
"2020-01-23",92993,2.04,193.88
"2020-01-23",19334,5.44,217.69
"2020-01-23",85975,0.34,6.8
"2020-01-23",64948,2.04,88.44
"2020-01-23",73952,0.34,17.01
"2020-01-23",83248,0.34,68.03
"2020-01-23",94058,0.34,20.41
"2020-01-23",84652,0.34,3.4
"2020-01-23",88885,0.34,17.01
"2020-01-23",74653,8.16,4595.24
"2020-01-23",14168,1.36,23.81
"2020-01-23",52196,0.68,207.48
"2020-01-23",50580,5.1,68.03
"2020-01-23",93742,1.36,285.71
"2020-01-23",38755,0.34,51.02
"2020-01-23",40928,8.16,292.52
"2020-01-23",36620,1.02,153.06
"2020-01-23",57724,0.68,10.2
"2020-01-23",24711,1.02,17.01
"2020-01-23",55589,0.68,6.8
"2020-01-23",93552,0.34,13.61
"2020-01-23",45820,6.46,2401.36
"2020-01-23",92844,0.34,10.2
"2020-01-23",86059,0.34,20.41
"2020-01-23",47267,0.34,13.61
"2020-01-23",52695,3.4,64.63
"2020-01-23",48053,0.34,6.8
"2020-01-23",55920,1.02,27.21
"2020-01-23",78586,3.74,153.06
"2020-01-23",69863,0.68,13.61
"2020-01-23",48165,0.68,88.44
"2020-01-23",14769,5.78,877.55
"2020-01-23",40904,0.34,13.61
"2020-01-23",20679,0.34,6.8
"2020-01-23",92140,0.34,3.4
"2020-01-23",72758,0.68,139.46
"2020-01-23",13429,0.68,10.2
"2020-01-23",99916,14.29,306.12
"2020-01-23",33326,4.08,493.2
"2020-01-23",31827,0.34,17.01
"2020-01-23",98265,3.74,85.03
"2020-01-23",77713,0.34,23.81
"2020-01-23",15254,0.68,68.03
"2020-01-23",90153,1.36,251.7
"2020-01-23",26488,42.18,4506.8
"2020-01-23",51340,0.68,13.61
"2020-01-23",24342,4.76,1170.07
"2020-01-23",13496,2.04,57.82
"2020-01-23",80560,3.06,697.28
"2020-01-23",76122,0.34,6.8
"2020-01-23",88925,1.7,57.82
"2020-01-23",29322,3.4,122.45
"2020-01-23",40508,0.68,13.61
"2020-01-23",95731,39.46,6959.18
"2020-01-23",18904,0.34,3.4
"2020-01-23",91165,0.68,13.61
"2020-01-23",83118,0.34,27.21
"2020-01-24",99916,6.1,193.22
"2020-01-24",26488,34.24,2776.27
"2020-01-24",79794,0.34,3.39
"2020-01-24",92844,0.34,6.78
"2020-01-24",45005,0.34,16.95
"2020-01-24",74653,1.69,220.34
"2020-01-24",15225,0.34,3.39
"2020-01-24",86812,0.34,6.78
"2020-01-24",36620,0.34,47.46
"2020-01-24",15254,0.68,132.2
"2020-01-24",43491,0.34,10.17
"2020-01-24",40928,0.34,6.78
"2020-01-24",75781,1.36,50.85
"2020-01-24",57084,5.08,294.92
"2020-01-24",88885,0.68,6.78
"2020-01-24",28199,5.08,477.97
"2020-01-24",45716,0.34,3.39
"2020-01-24",24711,2.03,64.41
"2020-01-24",38755,0.34,16.95
"2020-01-24",13496,2.37,176.27
"2020-01-24",19334,0.34,10.17
"2020-01-24",33185,26.78,3169.49
"2020-01-24",13429,0.68,10.17
"2020-01-24",47267,0.34,13.56
"2020-01-24",55920,0.34,20.34
"2020-01-24",49560,0.34,3.39
"2020-01-24",72758,0.68,64.41
"2020-01-24",65358,0.68,10.17
"2020-01-24",85975,0.34,6.78
"2020-01-24",83797,0.68,13.56
"2020-01-24",88925,1.36,47.46
"2020-01-24",11206,0.34,6.78
"2020-01-24",95731,35.93,6698.31
"2020-01-24",50479,2.03,172.88
"2020-01-24",40904,0.34,6.78
"2020-01-24",64948,1.36,20.34
"2020-01-24",78730,0.34,10.17
"2020-01-24",84652,1.02,23.73
"2020-01-24",45820,1.36,267.8
"2020-01-24",69827,0.34,3.39
"2020-01-24",86059,0.68,23.73
"2020-01-24",73952,0.34,3.39
"2020-01-24",52695,2.03,33.9
"2020-01-24",80560,2.71,569.49
"2020-01-24",33326,0.34,3.39
"2020-01-24",39035,0.34,10.17
"2020-01-24",71805,0.68,37.29
"2020-01-24",70167,10.85,1389.83
"2020-01-24",69863,1.36,50.85
"2020-01-24",98265,1.36,108.47
"2020-01-24",90153,2.03,250.85
"2020-01-24",45811,0.34,3.39
"2020-01-24",32213,58.31,8274.58
"2020-01-24",93742,1.02,91.53
"2020-01-24",85072,0.34,3.39
"2020-01-24",50580,3.05,47.46
"2020-01-24",48053,0.34,3.39
"2020-01-24",57724,0.34,40.68
"2020-01-24",78586,2.37,40.68
"2020-01-24",80493,2.03,98.31
"2020-01-24",48165,1.02,332.2
"2020-01-24",13699,0.34,3.39
"2020-01-24",52196,0.34,308.47
"2020-01-24",16406,0.34,274.58
"2020-01-24",54430,0.68,13.56
"2020-01-24",29322,1.36,40.68
"2020-01-24",28525,1.36,20.34
"2020-01-24",16164,0.34,40.68
"2020-01-24",14769,5.42,901.69
"2020-01-24",28504,4.41,267.8
"2020-01-24",92993,0.34,16.95
"2020-01-24",24342,6.78,1569.49
"2020-01-25",70167,1.02,44.07
"2020-01-25",95731,5.08,698.31
"2020-01-25",13699,0.34,10.17
"2020-01-25",36620,0.34,20.34
"2020-01-25",39035,1.02,20.34
"2020-01-25",93742,0.34,101.69
"2020-01-25",16164,0.34,3.39
"2020-01-25",13496,0.34,3.39
"2020-01-25",82213,0.34,20.34
"2020-01-25",72758,0.34,6.78
"2020-01-25",90153,1.36,98.31
"2020-01-25",52196,0.34,13.56
"2020-01-25",57084,0.34,3.39
"2020-01-25",33185,0.68,20.34
"2020-01-25",24342,1.36,271.19
"2020-01-25",26488,3.39,155.93
"2020-01-25",77713,0.34,13.56
"2020-01-25",32213,5.42,352.54
"2020-01-25",78586,0.34,3.39
"2020-01-26",19334,0.34,3.39
"2020-01-26",33185,2.71,122.03
"2020-01-26",90153,0.34,6.78
"2020-01-26",39035,1.69,54.24
"2020-01-26",86059,0.34,6.78
"2020-01-26",52196,0.34,6.78
"2020-01-26",95731,6.44,1071.19
"2020-01-26",52695,0.34,3.39
"2020-01-26",18449,0.34,6.78
"2020-01-26",99916,0.34,3.39
"2020-01-26",93742,0.34,77.97
"2020-01-26",26488,2.03,145.76
"2020-01-26",86812,0.34,3.39
"2020-01-26",77713,0.34,10.17
"2020-01-26",13496,0.68,10.17
"2020-01-26",83797,0.34,13.56
"2020-01-26",24342,1.69,952.54
"2020-01-26",32213,5.42,369.49
"2020-01-26",70167,0.68,37.29
"2020-01-26",65358,0.68,10.17
"2020-01-27",95731,32.66,8734.01
"2020-01-27",84652,0.34,10.1
"2020-01-27",14769,10.77,861.95
"2020-01-27",28199,0.67,70.71
"2020-01-27",16164,0.34,20.2
"2020-01-27",54827,0.34,16.84
"2020-01-27",24342,6.4,2511.78
"2020-01-27",69827,0.34,3.37
"2020-01-27",52695,2.36,37.04
"2020-01-27",29322,1.35,404.04
"2020-01-27",13699,0.34,10.1
"2020-01-27",96255,0.34,3.37
"2020-01-27",34188,0.34,3.37
"2020-01-27",26488,16.5,1457.91
"2020-01-27",33562,0.34,3.37
"2020-01-27",88885,0.34,3.37
"2020-01-27",55920,0.34,3.37
"2020-01-27",50479,1.35,276.09
"2020-01-27",78586,1.01,16.84
"2020-01-27",51340,0.67,6.73
"2020-01-27",50580,2.69,37.04
"2020-01-27",33185,18.52,2121.21
"2020-01-27",92871,0.67,10.1
"2020-01-27",92867,0.34,3.37
"2020-01-27",22361,0.34,3.37
"2020-01-27",66933,0.34,63.97
"2020-01-27",91165,0.34,3.37
"2020-01-27",77713,0.67,16.84
"2020-01-27",13429,0.34,6.73
"2020-01-27",69863,0.67,43.77
"2020-01-27",32213,45.79,5841.75
"2020-01-27",15254,0.67,20.2
"2020-01-27",28504,13.47,1922.56
"2020-01-27",85975,0.67,87.54
"2020-01-27",20679,0.34,3.37
"2020-01-27",16633,0.34,3.37
"2020-01-27",47267,0.34,6.73
"2020-01-27",92844,0.34,3.37
"2020-01-27",40928,0.34,10.1
"2020-01-27",33326,6.06,444.44
"2020-01-27",83797,0.34,10.1
"2020-01-27",71805,0.34,3.37
"2020-01-27",14168,0.34,13.47
"2020-01-27",35201,0.34,6.73
"2020-01-27",10533,0.67,30.3
"2020-01-27",39035,1.01,10.1
"2020-01-27",80493,1.68,80.81
"2020-01-27",76214,0.34,67.34
"2020-01-27",86059,0.34,16.84
"2020-01-27",68322,6.06,228.96
"2020-01-27",80560,1.35,168.35
"2020-01-27",43491,0.34,6.73
"2020-01-27",93742,1.01,430.98
"2020-01-27",48165,0.34,3.37
"2020-01-27",88925,0.67,37.04
"2020-01-27",28525,5.72,94.28
"2020-01-27",90153,2.36,373.74
"2020-01-27",74653,8.42,1609.43
"2020-01-27",16406,0.34,909.09
"2020-01-27",13591,0.67,26.94
"2020-01-27",70167,7.41,538.72
"2020-01-27",13496,2.02,43.77
"2020-01-27",99916,8.42,316.5
"2020-01-27",75781,0.67,16.84
"2020-01-27",49062,0.34,3.37
"2020-01-27",69921,0.34,6.73
"2020-01-27",98265,1.35,30.3
"2020-01-27",64948,0.67,10.1
"2020-01-27",45811,0.67,30.3
"2020-01-27",36620,1.01,74.07
"2020-01-27",65358,0.34,90.91
"2020-01-27",69429,0.34,3.37
"2020-01-27",57084,5.05,208.75
"2020-01-27",24711,1.01,649.83
"2020-01-27",18449,0.34,6.73
"2020-01-27",82213,0.34,134.68
"2020-01-27",52196,0.34,63.97
"2020-01-27",75727,6.4,498.32
"2020-01-27",72758,0.34,40.4
"2020-01-27",65277,0.34,3.37
"2020-01-28",70167,5.03,446.31
"2020-01-28",69921,0.34,3.36
"2020-01-28",22595,0.34,3.36
"2020-01-28",16633,0.67,20.13
"2020-01-28",75781,0.67,10.07
"2020-01-28",49050,7.05,248.32
"2020-01-28",29322,0.67,10.07
"2020-01-28",78586,1.01,10.07
"2020-01-28",88925,1.34,33.56
"2020-01-28",75727,5.37,436.24
"2020-01-28",15225,0.34,3.36
"2020-01-28",90153,2.01,318.79
"2020-01-28",69863,1.01,16.78
"2020-01-28",28504,7.72,557.05
"2020-01-28",13496,1.68,80.54
"2020-01-28",11406,0.34,23.49
"2020-01-28",31827,0.34,10.07
"2020-01-28",80493,1.34,50.34
"2020-01-28",86059,1.01,26.85
"2020-01-28",94058,0.34,83.89
"2020-01-28",76214,0.34,87.25
"2020-01-28",49785,0.34,3.36
"2020-01-28",54827,0.34,10.07
"2020-01-28",28199,5.03,406.04
"2020-01-28",64948,2.68,124.16
"2020-01-28",32213,56.04,7902.68
"2020-01-28",98265,2.01,187.92
"2020-01-28",50580,4.03,53.69
"2020-01-28",99916,9.06,261.74
"2020-01-28",51340,0.34,3.36
"2020-01-28",68322,1.01,53.69
"2020-01-28",14168,0.67,10.07
"2020-01-28",86812,0.34,43.62
"2020-01-28",36620,0.67,13.42
"2020-01-28",37153,0.34,3.36
"2020-01-28",28525,5.7,77.18
"2020-01-28",74653,2.01,93.96
"2020-01-28",40928,15.1,956.38
"2020-01-28",52695,2.35,50.34
"2020-01-28",10533,0.34,43.62
"2020-01-28",16164,0.34,13.42
"2020-01-28",88885,0.67,13.42
"2020-01-28",54430,0.67,6.71
"2020-01-28",65277,0.34,3.36
"2020-01-28",92140,7.05,281.88
"2020-01-28",85975,0.67,161.07
"2020-01-28",83118,0.34,6.71
"2020-01-28",14769,10.74,500
"2020-01-28",91165,5.37,479.87
"2020-01-28",93742,1.68,251.68
"2020-01-28",66282,0.34,3.36
"2020-01-28",55920,0.34,23.49
"2020-01-28",72758,0.34,13.42
"2020-01-28",92871,0.34,3.36
"2020-01-28",43491,0.34,10.07
"2020-01-28",33326,3.69,261.74
"2020-01-28",77713,0.34,3.36
"2020-01-28",24342,5.7,1711.41
"2020-01-28",50479,1.34,70.47
"2020-01-28",57084,6.04,298.66
"2020-01-28",15254,0.34,16.78
"2020-01-28",83270,0.34,3.36
"2020-01-28",95731,39.26,9187.92
"2020-01-28",98001,0.34,33.56
"2020-01-28",80560,2.35,365.77
"2020-01-28",26488,15.1,2114.09
"2020-01-28",13699,1.01,10.07
"2020-01-28",33185,29.53,4258.39
"2020-01-28",11206,0.34,13.42
"2020-01-28",92993,1.34,60.4
"2020-01-28",16401,0.34,16.78
"2020-01-28",19334,1.01,20.13
"2020-01-28",89802,0.34,73.83
"2020-01-28",39035,1.01,13.42
"2020-01-28",67431,0.34,26.85
"2020-01-28",96975,0.34,13.42
"2020-01-28",48978,0.34,6.71
"2020-01-28",45820,4.36,546.98
"2020-01-28",44807,1.01,10.07
"2020-01-29",70167,5.03,348.99
"2020-01-29",88925,0.67,13.42
"2020-01-29",78586,0.34,3.36
"2020-01-29",43491,0.34,6.71
"2020-01-29",57724,0.34,6.71
"2020-01-29",99916,5.03,244.97
"2020-01-29",57084,6.38,348.99
"2020-01-29",71805,0.34,6.71
"2020-01-29",77713,0.34,10.07
"2020-01-29",44807,0.34,3.36
"2020-01-29",90153,1.68,288.59
"2020-01-29",36620,0.34,3.36
"2020-01-29",80560,1.68,332.21
"2020-01-29",40928,15.1,1046.98
"2020-01-29",13591,0.34,3.36
"2020-01-29",95731,33.89,8003.36
"2020-01-29",52695,7.05,117.45
"2020-01-29",10225,0.34,3.36
"2020-01-29",65358,0.34,10.07
"2020-01-29",32213,46.64,4426.17
"2020-01-29",10650,0.34,6.71
"2020-01-29",28701,0.34,3.36
"2020-01-29",26491,0.34,3.36
"2020-01-29",36692,0.34,46.98
"2020-01-29",28525,6.04,90.6
"2020-01-29",86812,0.34,16.78
"2020-01-29",72758,0.34,40.27
"2020-01-29",80493,1.01,40.27
"2020-01-29",14769,10.74,808.72
"2020-01-29",13496,1.68,30.2
"2020-01-29",28199,1.68,36.91
"2020-01-29",73952,0.34,20.13
"2020-01-29",54827,1.01,30.2
"2020-01-29",85975,0.34,20.13
"2020-01-29",64948,1.68,77.18
"2020-01-29",50479,0.67,33.56
"2020-01-29",26488,13.09,2006.71
"2020-01-29",11206,0.34,3.36
"2020-01-29",75727,3.69,291.95
"2020-01-29",83248,0.34,3.36
"2020-01-29",33185,17.45,1275.17
"2020-01-29",75781,0.34,13.42
"2020-01-29",24342,4.36,2493.29
"2020-01-29",24711,14.43,24194.63
"2020-01-29",52175,0.34,6.71
"2020-01-29",92993,0.34,6.71
"2020-01-29",83118,0.34,3.36
"2020-01-29",91165,0.67,23.49
"2020-01-29",68322,0.34,3.36
"2020-01-29",83797,0.67,13.42
"2020-01-29",15254,0.34,36.91
"2020-01-29",28504,4.7,640.94
"2020-01-29",82213,0.34,40.27
"2020-01-29",74653,7.38,2486.58
"2020-01-29",87762,0.34,3.36
"2020-01-29",93742,1.34,161.07
"2020-01-29",86059,0.34,130.87
"2020-01-29",51340,0.67,50.34
"2020-01-29",50580,4.7,57.05
"2020-01-29",69863,0.67,83.89
"2020-01-29",98265,2.01,77.18
"2020-01-29",54430,0.34,13.42
"2020-01-29",29322,14.77,2775.17
"2020-01-29",92140,2.01,120.81
"2020-01-29",33326,0.34,3.36
"2020-01-29",16633,0.67,16.78
"2020-01-29",39035,2.01,36.91
"2020-01-29",65277,0.34,10.07
"2020-01-29",45820,3.02,392.62
"2020-01-30",99916,2.35,77.18
"2020-01-30",31827,0.34,13.42
"2020-01-30",13496,0.34,3.36
"2020-01-30",70167,2.01,114.09
"2020-01-30",98265,1.01,46.98
"2020-01-30",73952,6.38,171.14
"2020-01-30",14769,10.74,721.48
"2020-01-30",90153,0.67,53.69
"2020-01-30",16633,0.34,10.07
"2020-01-30",40928,0.34,3.36
"2020-01-30",50580,1.01,16.78
"2020-01-30",33185,7.38,335.57
"2020-01-30",78586,0.34,3.36
"2020-01-30",26488,8.39,1593.96
"2020-01-30",65358,0.34,3.36
"2020-01-30",54430,0.34,3.36
"2020-01-30",39035,0.67,6.71
"2020-01-30",28504,1.68,77.18
"2020-01-30",29322,3.36,167.79
"2020-01-30",95731,24.5,2802.01
"2020-01-30",15254,0.34,6.71
"2020-01-30",70957,0.34,3.36
"2020-01-30",28199,0.34,3.36
"2020-01-30",80493,0.34,20.13
"2020-01-30",57724,0.34,3.36
"2020-01-30",64948,0.67,20.13
"2020-01-30",72758,0.34,10.07
"2020-01-30",57084,1.68,26.85
"2020-01-30",32213,29.87,1802.01
"2020-01-30",69827,0.34,3.36
"2020-01-30",49785,0.34,3.36
"2020-01-30",92290,0.34,399.33
"2020-01-30",64947,0.34,3.36
"2020-01-30",52695,2.01,43.62
"2020-01-30",71805,0.34,13.42
"2020-01-30",69863,0.67,23.49
"2020-01-30",24342,1.68,553.69
"2020-01-30",75727,1.01,16.78
"2020-01-30",10650,0.34,6.71
"2020-01-30",69429,0.34,6.71
"2020-01-30",80560,0.34,6.71
"2020-01-30",24711,3.69,2557.05
"2020-01-30",48165,0.34,3.36
"2020-01-31",32213,0.34,3.36
"2020-01-31",26488,0.67,6.71
"2020-01-31",14769,0.34,3.36
"2020-01-31",95731,0.67,20.13
"2020-02-04",64948,0.34,3.36
"2020-03-04",95731,0.34,10.07
